Name,Nationality,Loaned from,Overall,Potential,Club,Value,Preferred Foot,International Reputation,Weak Foot,Skill Moves,Crossing,Finishing,HeadingAccuracy,ShortPassing,Dribbling,FKAccuracy,LongPassing,BallControl,SprintSpeed,Agility,Reactions,Balance,ShotPower,Stamina,LongShots,Penalties,SlidingTackle,GKDiving,GKHandling,GKKicking,GKPositioning,GKReflexes
L. Messi,Argentina,,94,94,FC Barcelona,€110.5M,Left,5,4,4,84,95,70,90,97,94,87,96,86,91,95,95,85,72,94,75,26,6,11,15,14,8
Cristiano Ronaldo,Portugal,Juventus,94,94,Juventus,€77M,Right,5,4,5,84,94,89,81,88,76,77,94,91,87,96,70,95,88,93,85,23,7,11,15,14,11
Neymar Jr,Brazil,,92,93,Paris Saint-Germain,€118.5M,Right,5,5,5,79,87,62,84,96,87,78,95,90,96,94,84,80,81,82,81,33,9,9,15,15,11
De Gea,Spain,,91,93,Manchester United,€72M,Right,4,3,1,17,13,21,50,18,19,51,42,58,60,90,43,31,43,12,40,13,90,85,87,88,94
K. De Bruyne,Belgium,,91,92,Manchester City,€102M,Right,4,5,4,93,82,55,92,86,83,91,91,76,79,91,77,91,90,91,79,51,15,13,5,10,13
E. Hazard,Belgium,,91,91,Chelsea,€93M,Right,4,4,4,81,84,61,89,95,79,83,94,88,95,90,94,82,83,80,86,22,11,12,6,8,8
L. Suárez,Uruguay,,91,91,FC Barcelona,€80M,Right,5,4,3,77,93,77,82,87,84,64,90,75,82,92,83,86,90,85,85,38,27,25,31,33,37
Sergio Ramos,Spain,,91,91,Real Madrid,€51M,Right,4,3,3,66,60,91,78,63,72,77,84,75,78,85,66,79,84,59,75,91,11,8,9,7,11
J. Oblak,Slovenia,,90,93,Atlético Madrid,€68M,Right,3,3,1,13,11,15,29,12,14,26,16,60,67,86,49,22,41,12,11,18,86,92,78,88,89
R. Lewandowski,Poland,,90,90,FC Bayern München,€77M,Right,4,4,4,62,91,85,83,85,86,65,89,78,78,90,78,88,78,84,88,19,15,6,12,8,10
T. Kroos,Germany,,90,90,Real Madrid,€76.5M,Right,4,5,3,88,76,54,92,81,84,93,90,62,70,89,71,87,75,92,73,69,10,11,13,7,10
D. Godín,Uruguay,,90,90,Atlético Madrid,€44M,Right,3,3,2,55,42,92,79,53,51,70,76,68,58,85,54,67,66,43,50,89,6,8,15,5,15
David Silva,Spain,,90,90,Manchester City,€60M,Left,4,2,4,84,76,54,93,89,77,87,94,64,92,90,90,72,78,75,75,29,6,15,7,6,12
N. Kanté,France,,89,90,Chelsea,€63M,Right,3,3,2,68,65,54,86,79,49,81,80,78,82,93,92,71,96,69,54,85,15,12,10,7,10
P. Dybala,Argentina,,89,94,Juventus,€89M,Left,3,3,4,82,84,68,87,92,88,75,92,83,91,86,85,82,80,88,86,20,5,4,4,5,8
H. Kane,England,,89,91,Tottenham Hotspur,€83.5M,Right,3,4,3,75,94,85,80,80,68,82,84,72,71,91,71,88,89,85,90,38,8,10,11,14,11
A. Griezmann,France,Manchester city,89,90,Atlético Madrid,€78M,Left,4,3,4,82,90,84,83,88,78,76,90,85,90,90,80,80,83,82,79,48,14,8,14,13,14
M. ter Stegen,Germany,,89,92,FC Barcelona,€58M,Right,3,4,1,15,14,11,36,17,12,42,18,50,37,85,43,22,35,10,25,10,87,85,88,85,90
T. Courtois,Belgium,,89,90,Real Madrid,€53.5M,Left,4,2,1,14,14,13,33,13,20,35,23,52,61,84,45,36,38,17,27,16,85,91,72,86,88
Sergio Busquets,Spain,Chelsea,89,89,FC Barcelona,€51.5M,Right,4,3,3,62,67,68,89,80,68,82,88,52,66,87,52,61,86,54,60,80,5,8,13,9,13
E. Cavani,Uruguay,,89,89,Paris Saint-Germain,€60M,Right,4,4,3,70,89,89,78,80,76,52,82,76,77,91,59,87,92,79,85,39,12,5,13,13,10
M. Neuer,Germany,,89,89,FC Bayern München,€38M,Right,5,4,1,15,13,25,55,30,11,59,48,60,51,84,35,25,43,16,47,11,90,86,91,87,87
S. Agüero,Argentina,,89,89,Manchester City,€64.5M,Right,4,4,4,70,93,77,81,89,73,64,89,80,86,90,91,88,76,83,83,12,13,15,6,11,14
G. Chiellini,Italy,,89,89,Juventus,€27M,Left,4,3,2,58,33,83,59,58,31,59,57,75,54,82,55,78,65,49,50,90,3,3,2,4,3
K. Mbappé,France,,88,95,Paris Saint-Germain,€81M,Right,3,4,5,77,88,77,82,90,63,73,91,96,92,87,83,79,83,78,70,32,13,5,7,11,6
M. Salah,Egypt,,88,89,Liverpool,€69.5M,Left,3,3,4,78,90,59,82,89,60,72,88,91,91,91,88,77,84,83,61,41,14,14,9,11,14
Casemiro,Brazil,,88,90,Real Madrid,€59.5M,Right,3,3,2,52,59,76,85,69,74,82,78,65,62,84,66,86,87,79,66,87,13,14,16,12,12
J. Rodríguez,Colombia,,88,89,FC Bayern München,€69.5M,Left,4,3,4,90,83,62,89,85,86,83,90,67,83,85,76,86,70,92,81,44,15,15,15,5,14
L. Insigne,Italy,,88,88,Napoli,€62M,Right,3,3,4,86,77,56,85,90,77,78,93,86,94,83,93,75,75,84,61,22,8,4,14,9,10
Isco,Spain,,88,91,Real Madrid,€73.5M,Right,3,3,4,75,79,55,89,94,76,83,95,69,87,77,90,69,70,87,76,51,10,8,12,15,6
C. Eriksen,Denmark,,88,91,Tottenham Hotspur,€73.5M,Right,3,5,4,88,80,52,91,84,87,88,91,73,79,88,81,84,92,89,67,22,9,14,7,7,6
Coutinho,Brazil,,88,89,FC Barcelona,€69.5M,Right,3,4,5,79,79,48,88,91,86,83,92,75,92,83,93,83,79,93,70,47,12,7,9,14,6
P. Aubameyang,Gabon,,88,88,Arsenal,€59M,Right,3,4,4,77,88,79,77,79,74,64,82,95,76,87,70,82,76,79,76,36,6,9,15,9,9
M. Hummels,Germany,,88,88,FC Bayern München,€46M,Right,4,3,3,64,55,87,81,68,53,85,81,64,63,87,60,71,66,51,68,88,15,6,10,5,6
Marcelo,Brazil,,88,88,Real Madrid,€43M,Left,4,4,5,90,70,75,84,90,67,76,92,82,86,88,86,83,91,70,59,86,12,5,5,5,9
G. Bale,Wales,,88,88,Real Madrid,€60M,Left,4,3,4,87,86,84,85,87,87,80,85,95,82,85,65,92,75,91,76,52,15,15,11,5,6
H. Lloris,France,,88,88,Tottenham Hotspur,€36M,Left,4,1,1,13,10,10,50,10,10,50,34,62,55,85,54,23,41,14,40,18,88,84,68,83,92
G. Higuaín,Argentina,,88,88,Milan,€57M,Right,4,4,3,68,92,80,75,84,62,59,85,73,75,86,69,86,70,80,70,18,5,12,7,5,10
Thiago Silva,Brazil,,88,88,Paris Saint-Germain,€24M,Right,4,3,2,60,38,81,80,62,64,80,80,72,68,82,68,71,74,68,60,85,9,12,5,9,10
S. Handanovič,Slovenia,,88,88,Inter,€30M,Right,3,2,1,12,10,10,36,12,14,34,16,55,47,83,36,22,41,19,23,13,87,86,69,89,89
G. Buffon,Italy,,88,88,Paris Saint-Germain,€4M,Right,4,2,1,13,15,13,37,26,13,35,28,43,55,79,49,39,39,13,22,11,88,87,74,90,83
S. Umtiti,France,,87,92,FC Barcelona,€57M,Left,3,3,2,69,51,79,81,69,62,73,77,73,68,82,66,83,78,74,61,86,15,10,14,12,15
M. Icardi,Argentina,,87,90,Inter,€64.5M,Right,3,4,3,46,91,91,73,77,45,54,81,78,76,88,76,84,72,70,82,20,13,9,5,7,9
K. Koulibaly,Senegal,,87,90,Napoli,€51M,Right,3,3,2,30,19,81,66,66,28,56,60,75,50,80,40,55,71,15,33,86,7,11,7,13,5
P. Pogba,France,,87,91,Manchester United,€64M,Right,4,4,5,80,73,73,86,87,82,90,90,79,74,81,64,90,88,81,81,68,5,6,2,4,3
K. Navas,Costa Rica,,87,87,Real Madrid,€30.5M,Right,3,3,1,11,15,11,30,16,15,37,19,53,60,84,61,21,39,13,25,14,90,81,75,82,90
R. Lukaku,Belgium,,87,89,Manchester United,€62.5M,Left,3,3,3,78,87,86,77,80,66,73,72,90,60,86,46,88,84,74,78,30,8,15,14,7,10
C. Immobile,Italy,,87,87,Lazio,€52M,Right,3,4,3,55,90,81,74,83,51,49,83,85,77,87,63,86,80,80,78,32,6,8,15,12,6
Jordi Alba,Spain,,87,87,FC Barcelona,€38M,Left,3,3,3,87,73,70,84,80,63,74,84,93,90,83,85,64,91,66,59,85,13,15,13,6,13
D. Mertens,Belgium,,87,87,Napoli,€45M,Right,3,4,4,77,86,35,82,91,79,74,89,85,94,88,92,80,75,81,79,40,7,10,8,10,4
J. Vertonghen,Belgium,,87,87,Tottenham Hotspur,€34M,Left,3,3,3,68,56,80,79,71,73,74,76,65,61,84,60,80,75,66,66,88,6,10,9,12,7
M. Hamšík,Slovakia,,87,87,Napoli,€46.5M,Right,3,5,3,78,79,74,88,86,72,83,87,68,76,88,66,82,84,83,70,62,8,6,4,14,14
I. Rakitić,Croatia,,87,87,FC Barcelona,€46.5M,Right,4,3,3,84,83,58,87,84,84,90,87,59,72,77,66,84,84,90,82,70,14,11,12,5,9
Piqué,Spain,,87,87,FC Barcelona,€34M,Right,4,3,2,57,64,83,81,59,43,80,78,60,58,84,36,62,65,51,69,84,10,11,14,15,8
L. Sané,Germany,,86,92,Manchester City,€61M,Left,2,3,4,83,81,72,79,88,68,64,85,96,88,81,81,86,79,78,71,35,8,12,9,9,14
Bernardo Silva,Portugal,,86,91,Manchester City,€59.5M,Left,2,3,4,85,75,51,85,92,67,79,91,74,90,82,88,70,78,72,68,35,9,10,14,12,9
Ederson,Brazil,,86,90,Manchester City,€41.5M,Left,2,3,1,20,14,14,56,23,20,58,37,63,60,86,48,42,41,18,17,8,85,80,91,82,87
S. Mané,Senegal,,86,87,Liverpool,€52M,Right,3,4,4,73,84,62,79,87,64,71,86,93,91,86,86,82,84,74,71,38,10,10,15,7,14
V. van Dijk,Netherlands,,86,88,Liverpool,€44.5M,Right,3,3,2,53,52,82,76,70,70,78,73,77,61,85,49,81,71,64,62,84,13,10,13,11,11
R. Sterling,England,,86,89,Manchester City,€56.5M,Right,3,3,4,77,77,38,84,88,63,69,87,92,93,87,93,73,78,73,69,54,15,12,12,15,9
Roberto Firmino,Brazil,,86,87,Liverpool,€53M,Right,3,4,4,72,87,77,86,87,65,75,88,77,80,86,81,81,90,76,72,42,8,11,9,6,10
R. Varane,France,,86,91,Real Madrid,€50M,Right,3,3,2,36,40,83,75,57,54,76,77,85,63,83,40,52,73,53,43,87,11,11,9,5,14
M. Verratti,Italy,,86,89,Paris Saint-Germain,€55M,Right,3,4,4,72,60,55,90,90,64,89,88,62,87,85,94,56,77,58,64,80,12,12,15,15,10
Alex Sandro,Brazil,,86,86,Juventus,€36.5M,Left,3,3,3,84,55,76,81,80,59,71,81,86,79,84,78,80,92,72,60,84,7,7,9,12,5
Douglas Costa,Brazil,,86,86,Juventus,€46.5M,Left,3,3,5,84,67,50,84,92,78,68,91,93,93,84,91,86,78,80,77,34,13,15,9,12,5
T. Müller,Germany,,86,86,FC Bayern München,€45M,Right,4,4,3,79,87,82,83,75,59,72,82,75,75,91,72,78,87,80,60,44,6,7,11,14,14
Thiago,Spain,,86,86,FC Bayern München,€45.5M,Right,3,3,5,72,69,54,90,90,77,87,90,69,90,84,86,75,75,79,75,65,6,11,7,9,13
M. Reus,Germany,,86,86,Borussia Dortmund,€43.5M,Right,4,4,4,79,87,49,86,87,84,75,86,85,86,87,81,88,73,86,89,45,12,12,13,13,11
Azpilicueta,Spain,,86,86,Chelsea,€35M,Right,3,3,2,81,46,76,81,69,58,80,77,76,72,88,73,68,87,60,66,86,13,9,10,6,5
L. Bonucci,Italy,,86,86,Juventus,€30M,Right,3,3,2,44,48,86,77,69,61,85,75,65,60,84,52,74,71,65,70,80,2,2,3,2,4
T. Alderweireld,Belgium,,86,87,Tottenham Hotspur,€39M,Right,3,3,2,64,45,82,79,62,69,85,74,66,60,86,50,78,74,65,58,86,16,6,14,16,14
M. Pjanić,Bosnia Herzegovina,,86,86,Juventus,€44M,Right,3,4,3,80,60,60,89,86,92,85,89,66,77,84,79,78,78,82,79,70,7,7,13,7,8
M. Benatia,Morocco,,86,86,Juventus,€30M,Right,3,3,2,45,47,83,65,64,27,65,64,75,59,82,53,66,69,24,41,85,7,4,8,7,11
M. Özil,Germany,,86,86,Arsenal,€43.5M,Left,4,2,4,83,73,54,89,84,77,82,90,69,79,84,70,70,69,75,67,19,6,14,10,6,14
Fernandinho,Brazil,,86,86,Manchester City,€18M,Right,3,4,3,68,69,63,85,77,72,81,82,67,72,86,78,83,79,78,61,80,12,11,5,13,7
Iniesta,Spain,,86,86,Vissel Kobe,€21.5M,Right,4,4,4,77,70,54,90,90,70,85,92,67,79,86,84,65,55,71,71,56,6,13,6,13,7
M. Škriniar,Slovakia,,85,92,Inter,€46.5M,Right,1,4,2,40,42,80,70,59,30,68,67,73,48,81,48,50,77,30,56,82,10,13,12,8,12
S. Milinković-Savić,Serbia,,85,90,Lazio,€50.5M,Right,2,4,4,64,80,86,85,86,75,85,87,70,66,80,59,83,85,80,56,72,7,10,7,16,7
Marco Asensio,Spain,,85,92,Real Madrid,€54M,Left,3,3,4,82,82,50,83,86,76,82,85,82,79,82,76,86,76,88,62,39,13,9,6,12,10
N. Fekir,France,,85,89,Olympique Lyonnais,€50M,Left,3,3,4,83,82,49,83,90,79,75,89,79,90,80,91,84,80,82,81,25,15,9,8,14,15
Alisson,Brazil,,85,90,Liverpool,€36.5M,Right,3,3,1,17,13,19,45,27,18,44,30,45,40,84,37,21,32,14,23,16,83,81,85,84,88
J. Kimmich,Germany,,85,88,FC Bayern München,€40.5M,Right,3,4,3,90,66,74,85,80,61,80,85,68,84,85,83,75,85,69,44,79,8,15,7,15,15
Saúl,Spain,,85,90,Atlético Madrid,€50.5M,Left,3,4,3,69,78,83,85,83,60,83,85,73,76,82,69,78,86,79,55,76,7,13,12,10,9
R. Mahrez,Algeria,,85,85,Manchester City,€40.5M,Left,3,4,5,81,80,48,82,91,78,76,90,83,93,77,88,79,76,81,73,18,15,9,13,11,6
D. Alaba,Austria,,85,87,FC Bayern München,€38M,Left,4,4,3,81,63,75,82,79,84,80,83,86,79,84,77,83,87,82,80,80,5,7,14,15,9
Koke,Spain,,85,86,Atlético Madrid,€45M,Right,3,4,3,86,72,61,90,82,76,89,86,68,74,85,78,84,90,81,59,51,14,12,5,10,13
A. Lacazette,France,,85,86,Arsenal,€45M,Right,3,4,4,64,88,73,80,85,71,59,83,84,85,85,85,83,79,75,84,30,11,6,9,5,6
K. Manolas,Greece,,85,87,Roma,€37.5M,Right,3,2,2,27,10,80,60,54,10,61,65,85,68,85,59,40,76,12,26,89,8,6,8,15,12
N. Otamendi,Argentina,,85,85,Manchester City,€28.5M,Right,3,3,2,52,54,85,75,51,39,72,70,61,64,79,62,69,67,56,45,84,12,5,8,11,12
Parejo,Spain,,85,85,Valencia CF,€37M,Right,2,4,3,84,79,61,90,78,90,87,84,43,66,78,72,78,78,82,83,60,5,9,12,14,8
Paulinho,Brazil,,85,85,Guangzhou Evergrande Taobao FC,€37M,Right,3,3,3,64,81,85,84,82,72,80,84,73,69,84,66,83,92,80,71,73,16,16,11,6,8
W. Szczęsny,Poland,,85,87,Juventus,€32M,Right,3,3,1,12,12,16,32,11,14,36,22,47,55,82,51,15,45,14,18,12,85,81,71,85,87
A. Sánchez,Chile,,85,85,Manchester United,€37.5M,Right,4,3,4,77,80,73,77,87,78,75,86,79,90,83,87,84,83,81,77,35,10,10,15,12,13
Y. Brahimi,Algeria,,85,85,FC Porto,€39M,Right,3,3,4,79,76,46,79,93,78,72,86,75,92,84,87,69,85,76,75,25,13,16,12,7,7
J. Boateng,Germany,,85,85,FC Bayern München,€30M,Right,4,4,2,69,34,85,75,64,31,83,70,72,56,82,52,78,69,58,46,87,7,12,15,6,5
A. Vidal,Chile,,85,85,FC Barcelona,€26M,Right,4,4,3,76,75,82,83,76,68,79,82,55,74,84,75,86,83,85,81,86,4,2,4,2,4
I. Perišić,Croatia,,85,85,Inter,€37.5M,Right,3,5,4,83,79,80,81,84,75,77,85,88,78,81,74,84,89,79,76,54,6,7,10,9,6
E. Džeko,Bosnia Herzegovina,,85,85,Roma,€30.5M,Right,3,5,2,63,89,84,77,76,54,72,84,66,57,83,36,86,76,79,67,16,9,11,13,15,15
S. Khedira,Germany,,85,85,Juventus,€33M,Right,3,4,2,72,72,76,85,81,68,82,84,60,55,87,54,82,78,78,69,76,11,9,5,15,8
Diego Costa,Spain,,85,85,Atlético Madrid,€38.5M,Right,4,4,2,65,87,82,65,77,59,52,83,76,58,85,53,83,76,74,75,34,11,13,12,8,11
R. Nainggolan,Belgium,,85,85,Inter,€35.5M,Right,3,3,3,73,75,59,84,80,68,81,85,73,76,87,82,84,93,86,63,90,11,11,14,8,11
Naldo,Brazil,,85,85,FC Schalke 04,€9M,Right,3,4,2,45,57,94,76,60,76,70,68,65,46,85,36,92,61,82,60,85,14,10,14,8,14
B. Matuidi,France,,85,85,Juventus,€26M,Left,3,2,2,75,64,68,83,78,52,77,79,77,83,84,79,78,94,70,56,86,8,11,5,10,14
Miranda,Brazil,,85,85,Inter,€15.5M,Right,3,3,2,48,43,80,70,67,39,69,73,69,61,81,57,70,65,41,49,85,12,6,10,13,12
K. Benzema,France,,85,85,Real Madrid,€37M,Right,4,4,4,75,81,80,83,83,73,62,86,76,76,83,66,81,75,75,82,12,13,11,5,5,7
Filipe Luís,Brazil,,85,85,Atlético Madrid,€21.5M,Left,3,3,3,86,59,72,80,77,75,77,83,75,75,85,62,71,89,60,65,86,11,15,9,9,5
V. Kompany,Belgium,,85,85,Manchester City,€22M,Right,4,3,2,61,45,84,73,63,52,66,70,59,57,87,41,75,66,55,63,84,10,9,5,8,6
Pepe,Portugal,,85,85,Beşiktaş JK,€9M,Right,4,3,2,46,46,80,70,58,47,61,62,70,63,83,49,63,60,56,57,82,8,15,5,9,10
Z. Ibrahimović,Sweden,,85,85,LA Galaxy,€14M,Right,5,4,5,73,86,83,79,79,82,73,84,59,75,82,39,90,61,82,89,24,13,15,10,9,12
D. Sánchez,Colombia,,84,88,Tottenham Hotspur,€34M,Right,2,3,2,36,40,80,77,63,27,67,73,79,60,80,55,66,76,44,44,88,9,7,10,6,15
J. Giménez,Uruguay,,84,88,Atlético Madrid,€34M,Right,2,3,2,47,37,81,68,47,44,58,56,70,56,76,43,72,67,48,38,87,9,11,7,10,15
Alex Telles,Brazil,,84,87,FC Porto,€32M,Left,3,2,3,89,65,74,83,82,79,86,82,85,73,83,70,80,92,75,68,79,13,8,12,11,14
A. Laporte,France,,84,88,Manchester City,€34M,Left,2,3,2,58,45,85,76,59,69,78,73,66,45,83,55,68,67,47,44,87,10,11,5,14,5
Bruno Fernandes,Portugal,,84,88,Sporting CP,€40.5M,Right,2,3,4,84,73,58,85,83,81,82,85,76,77,84,78,87,89,88,81,53,12,14,15,8,14
N. Süle,Germany,,84,90,FC Bayern München,€36.5M,Right,2,3,2,30,20,86,78,42,30,63,63,84,33,79,33,77,65,62,32,83,15,7,14,7,15
A. Martial,France,,84,90,Manchester United,€42.5M,Right,3,3,4,76,84,69,77,87,54,60,86,89,85,81,81,84,75,80,81,36,9,8,8,15,11
D. Alli,England,,84,90,Tottenham Hotspur,€42.5M,Right,3,3,4,69,83,77,85,83,68,80,85,76,76,85,62,78,90,80,74,63,7,6,9,11,8
Fabinho,Brazil,,84,88,Liverpool,€34M,Right,3,2,3,79,66,75,83,76,53,78,82,72,69,83,67,78,92,65,91,84,13,12,6,8,8
Marquinhos,Brazil,,84,89,Paris Saint-Germain,€35.5M,Right,3,3,2,72,33,80,81,59,32,78,76,76,69,81,68,53,75,35,31,87,6,6,12,10,13
William Carvalho,Portugal,,84,86,Real Betis,€31.5M,Right,3,4,3,68,52,73,84,80,50,86,79,53,51,75,51,59,84,55,60,68,6,6,5,14,14
Jorginho,Italy,,84,87,Chelsea,€38M,Right,2,3,3,75,57,56,89,82,76,87,85,69,80,83,73,71,79,62,84,70,14,7,13,14,8
F. Thauvin,France,,84,87,Olympique de Marseille,€39M,Left,2,3,4,83,81,75,83,85,72,76,86,80,86,83,71,83,83,82,74,31,8,11,14,10,9
Carvajal,Spain,,84,87,Real Madrid,€31.5M,Right,3,3,3,83,41,70,81,76,47,71,83,84,81,82,79,64,84,36,45,85,13,13,15,9,15
M. Depay,Netherlands,,84,89,Olympique Lyonnais,€42M,Right,3,3,5,79,79,65,80,85,88,74,85,87,82,79,79,87,79,81,75,20,8,14,6,12,10
H. Son,Korea Republic,,84,85,Tottenham Hotspur,€37M,Right,3,5,4,78,85,65,79,88,70,64,85,87,82,84,76,86,85,88,71,33,11,13,13,6,10
A. Lopes,Portugal,,84,86,Olympique Lyonnais,€25M,Left,2,2,1,19,18,16,32,15,14,31,21,64,67,84,62,20,36,18,16,13,86,80,75,81,88
S. de Vrij,Netherlands,,84,86,Inter,€31.5M,Right,3,4,2,49,25,80,71,63,16,71,71,69,61,80,59,65,66,60,41,83,8,10,7,14,13
M. Perin,Italy,,84,89,Juventus,€29.5M,Right,2,3,1,11,11,12,33,19,13,31,23,56,70,79,30,23,30,17,21,19,81,85,71,79,90
J. Cuadrado,Colombia,,84,84,Juventus,€29.5M,Right,3,3,5,80,67,58,80,90,69,69,85,93,91,80,82,84,78,80,65,74,5,5,13,6,9
Iago Aspas,Spain,,84,84,RC Celta,€30M,Left,2,3,3,80,88,78,79,86,76,64,85,78,87,85,74,79,75,82,82,18,12,16,9,12,13
B. Leno,Germany,,84,87,Arsenal,€27M,Right,3,4,1,9,9,13,45,16,8,40,22,52,52,80,44,23,43,14,23,18,84,82,75,85,82
N. Matić,Serbia,,84,84,Manchester United,€24M,Left,3,3,3,71,64,74,84,80,67,83,79,59,44,83,50,83,84,75,64,75,7,15,12,14,9
L. Hrádecký,Finland,,84,84,Bayer 04 Leverkusen,€22M,Right,2,3,1,11,11,11,15,10,15,20,20,44,43,83,39,14,34,14,20,13,85,79,68,82,88
Illarramendi,Spain,,84,84,Real Sociedad,€31M,Right,2,3,4,68,72,51,86,78,68,82,83,57,71,84,75,69,77,76,50,80,15,7,11,14,12
K. Walker,England,,84,84,Manchester City,€24.5M,Right,3,2,2,81,51,74,78,79,71,67,78,93,67,83,72,86,89,69,63,83,12,6,16,15,8
I. Gündoğan,Germany,,84,84,Manchester City,€32M,Right,3,4,4,74,73,50,88,85,74,83,86,68,78,85,78,77,69,73,76,64,11,14,5,5,13
José Callejón,Spain,,84,84,Napoli,€27.5M,Right,3,3,3,82,78,65,80,82,65,51,85,89,85,82,80,78,91,80,62,32,8,5,14,11,11
A. Di María,Argentina,,84,84,Paris Saint-Germain,€29.5M,Left,4,2,5,83,72,51,82,86,82,79,85,84,92,80,77,83,73,77,73,56,10,7,11,12,11
M. Mandžukić,Croatia,,84,84,Juventus,€25M,Right,3,3,3,72,84,90,75,76,49,67,77,73,67,86,53,80,83,60,76,64,10,8,5,8,15
Willian,Brazil,,84,84,Chelsea,€30.5M,Right,3,4,4,76,77,31,80,88,83,77,84,86,89,82,79,79,85,81,70,51,14,12,13,7,13
Sergio Asenjo,Spain,,84,85,Villarreal CF,€24M,Right,2,3,1,24,14,13,39,15,22,39,14,54,62,79,58,24,41,13,15,14,85,83,77,82,84
E. Banega,Argentina,,84,84,Sevilla FC,€29M,Right,3,4,4,80,66,49,88,84,81,87,86,64,79,77,83,74,74,78,78,64,13,8,7,7,10
A. Witsel,Belgium,,84,84,Borussia Dortmund,€24M,Right,3,4,4,69,71,80,89,78,68,79,84,74,78,84,60,78,86,74,81,85,5,7,7,10,7
D. Payet,France,,84,84,Olympique de Marseille,€27.5M,Right,3,4,4,87,78,59,84,86,84,80,90,72,79,75,80,80,73,82,74,39,11,15,9,14,12
Jonas,Brazil,,84,84,SL Benfica,€16.5M,Right,3,5,3,70,88,84,76,84,77,75,88,64,77,85,69,84,66,85,84,25,12,11,7,8,5
Sokratis,Greece,,84,84,Arsenal,€23M,Right,3,2,2,47,44,85,60,58,35,51,58,73,60,81,64,77,69,48,24,85,6,8,5,12,5
S. Ruffier,France,,84,84,AS Saint-Étienne,€19M,Right,3,3,1,11,11,12,33,12,12,34,15,50,51,78,55,21,37,11,25,11,82,84,77,85,82
Falcao,Colombia,,84,84,AS Monaco,€25M,Right,3,4,3,55,86,89,79,75,73,58,82,66,76,85,75,79,68,80,81,19,10,13,6,9,5
K. Schmeichel,Denmark,,84,84,Leicester City,€19M,Right,2,3,1,18,12,16,44,12,15,46,40,60,62,81,47,36,34,14,26,13,82,77,82,80,88
Raúl Albiol,Spain,,84,84,Napoli,€18M,Right,3,3,2,38,27,77,74,59,45,72,71,53,53,82,56,65,55,53,37,85,8,6,5,9,8
A. Gómez,Argentina,,84,84,Atalanta,€30M,Right,3,4,4,82,76,38,82,89,79,74,87,86,92,83,94,76,75,79,72,34,8,11,12,9,6
A. Barzagli,Italy,,84,84,Juventus,€4.2M,Right,3,3,2,40,21,72,65,64,31,65,65,77,52,80,64,54,53,39,60,82,4,2,4,2,4
Quaresma,Portugal,,84,84,Beşiktaş JK,€15.5M,Right,3,4,5,92,67,41,79,89,73,75,88,82,91,78,84,79,65,80,74,13,12,14,10,5,15
A. Robben,Netherlands,,84,84,FC Bayern München,€15.5M,Left,4,2,4,80,85,51,82,89,81,71,88,76,87,85,90,86,64,86,78,26,10,8,11,5,15
O. Dembélé,France,,83,92,FC Barcelona,€40M,Left,3,5,4,78,78,43,78,90,64,70,83,92,90,82,85,83,73,70,75,33,6,6,14,10,13
Gabriel Jesus,Brazil,,83,92,Manchester City,€41M,Right,2,3,4,66,84,74,76,86,54,66,85,85,92,86,91,78,84,73,78,19,13,8,6,6,15
Ronaldo Cabrais,Brazil,,83,83,Grêmio,€28M,Right,1,4,4,83,74,64,83,85,78,82,83,87,85,84,76,82,86,78,77,33,12,12,13,15,13
Josué Chiamulera,Brazil,,83,83,Grêmio,€22.5M,Right,1,3,2,40,38,83,74,56,49,61,70,78,77,85,68,53,76,41,56,82,16,15,13,15,10
Louri Beretta,Brazil,,83,83,Atlético Mineiro,€28.5M,Right,1,3,4,56,85,83,73,75,67,47,74,83,55,84,55,85,56,82,77,24,8,11,20,19,20
P. Kimpembe,France,,83,89,Paris Saint-Germain,€30.5M,Left,2,3,3,62,31,79,79,58,32,75,78,78,74,79,65,55,80,39,50,83,7,8,14,15,9
N. Keïta,Guinea,,83,88,Liverpool,€34M,Right,2,4,4,62,74,42,88,88,70,78,88,60,89,82,90,76,82,73,58,61,7,14,15,14,9
C. Tolisso,France,,83,88,FC Bayern München,€34M,Right,2,3,3,67,75,82,84,77,73,86,81,66,75,83,74,82,87,81,70,71,7,10,14,9,14
T. Lemar,France,,83,89,Atlético Madrid,€35.5M,Left,3,2,4,83,75,54,84,85,81,75,86,84,87,80,86,79,79,76,68,63,11,15,13,7,14
K. Coman,France,,83,87,FC Bayern München,€34M,Right,2,3,5,81,76,52,77,88,70,63,83,93,87,81,84,77,76,73,70,15,5,3,5,3,5
J. Tah,Germany,,83,88,Bayer 04 Leverkusen,€29.5M,Right,2,4,2,35,20,80,74,55,27,69,64,77,48,82,44,44,63,25,38,84,11,8,7,9,14
Anderson Talisca,Brazil,,83,90,Guangzhou Evergrande Taobao FC,€36.5M,Left,2,4,4,78,80,77,81,82,87,79,84,76,76,79,65,84,76,88,71,42,13,11,13,12,10
T. Werner,Germany,,83,87,RB Leipzig,€34.5M,Right,3,4,3,69,87,76,77,83,56,55,84,93,81,86,76,74,83,67,72,19,9,9,8,15,9
A. Rabiot,France,,83,87,Paris Saint-Germain,€33M,Left,2,3,3,70,69,77,85,79,59,83,83,74,79,83,72,80,82,79,69,75,9,12,9,7,15
L. Goretzka,Germany,,83,88,FC Bayern München,€34M,Right,3,4,3,75,72,75,84,81,75,79,83,79,76,83,70,77,86,78,60,78,13,8,15,11,9
Q. Promes,Netherlands,,83,84,Sevilla FC,€30.5M,Right,2,4,5,79,86,60,78,84,76,73,82,91,87,82,79,82,83,83,74,32,10,13,6,7,13
H. Ziyech,Morocco,,83,86,Ajax,€32.5M,Left,3,2,4,84,68,53,86,83,78,89,83,74,85,82,78,80,86,75,73,36,11,7,11,8,14
Lucas Vázquez,Spain,,83,83,Real Madrid,€27M,Right,2,4,4,86,73,52,83,82,75,75,83,79,79,85,84,82,90,80,56,44,9,16,9,9,7
Y. Carrasco,Belgium,,83,86,Dalian YiFang FC,€33M,Right,3,4,4,78,79,53,77,88,78,71,87,87,88,83,71,84,74,75,74,26,9,11,9,10,10
Gerard Moreno,Spain,,83,85,Villarreal CF,€32M,Left,1,4,4,61,83,80,78,78,56,56,81,80,70,82,69,81,72,77,73,41,15,12,7,12,10
Felipe,Brazil,,83,83,FC Porto,€20M,Right,3,3,2,45,39,81,74,57,30,67,62,67,52,77,57,46,78,41,47,79,9,11,14,9,7
M. Kovačić,Croatia,,83,89,Chelsea,€35M,Right,3,4,4,73,62,42,87,88,68,82,89,74,81,70,85,79,82,75,59,63,9,5,6,7,7
Kepa,Spain,,83,91,Chelsea,€28.5M,Right,1,4,1,25,11,17,32,10,19,36,16,33,41,79,39,25,37,14,24,16,84,80,76,80,84
Manu Trigueros,Spain,,83,84,Villarreal CF,€30M,Right,2,4,4,72,71,74,86,80,69,83,83,65,76,82,72,81,77,80,65,60,9,14,12,7,8
S. Gnabry,Germany,,83,88,FC Bayern München,€34.5M,Right,2,4,4,74,81,46,79,87,62,68,83,90,87,80,88,85,68,81,68,45,14,10,10,9,7
J. Pickford,England,,83,88,Everton,€25M,Left,1,4,1,17,19,15,55,14,16,55,40,44,55,83,55,31,45,13,41,12,83,78,88,81,86
S. Savić,Montenegro,,83,86,Atlético Madrid,€26M,Right,2,3,2,35,34,85,72,47,28,69,68,61,61,82,49,43,58,31,37,84,14,13,14,13,12
J. Stones,England,,83,87,Manchester City,€28.5M,Right,2,4,3,62,29,83,81,69,29,74,80,71,61,82,59,46,79,38,44,82,7,15,11,10,8
Suso,Spain,,83,86,Milan,€33M,Left,3,3,4,84,70,50,86,88,80,75,89,77,86,78,84,78,77,87,72,18,15,15,9,8,9
J. Draxler,Germany,,83,86,Paris Saint-Germain,€32.5M,Right,3,5,4,83,78,65,84,88,76,79,89,77,80,83,75,86,69,82,63,44,11,13,5,13,8
Felipe Anderson,Brazil,,83,85,West Ham United,€31.5M,Right,3,4,4,79,71,44,80,90,69,74,88,89,89,74,88,83,72,84,53,54,12,10,9,5,7
Lucas Moura,Brazil,,83,84,Tottenham Hotspur,€31M,Right,3,3,4,75,78,50,77,88,74,74,81,90,94,76,90,79,75,76,74,51,9,10,14,7,14
Danilo Pereira,Portugal,,83,86,FC Porto,€27M,Right,3,3,3,50,61,78,82,76,53,79,78,68,58,76,60,76,83,65,52,75,9,7,13,14,15
Nacho Fernández,Spain,,83,85,Real Madrid,€24.5M,Right,2,4,2,70,32,82,80,55,37,61,78,79,60,79,68,54,78,28,45,85,12,7,10,15,7
T. Horn,Germany,,83,87,1. FC Köln,€24M,Left,2,3,1,19,13,14,35,20,15,32,22,51,50,80,31,22,31,17,21,12,83,80,83,82,86
Allan,Brazil,,83,83,Napoli,€26.5M,Right,2,3,4,70,72,59,85,82,49,77,80,74,82,86,80,70,95,66,53,83,13,13,5,5,8
F. Acerbi,Italy,,83,83,Lazio,€19M,Left,2,3,3,25,37,80,73,65,56,77,72,55,33,81,35,75,81,60,72,85,11,9,9,13,11
Sergi Roberto,Spain,,83,86,FC Barcelona,€26.5M,Right,3,3,4,85,63,72,86,78,60,78,83,79,69,80,74,65,85,66,57,83,14,16,11,15,10
Rodrigo,Spain,,83,84,Valencia CF,€30.5M,Left,2,3,4,72,78,80,78,82,67,58,82,91,84,80,77,83,78,76,77,40,7,13,10,11,5
Pizzi,Portugal,,83,83,SL Benfica,€25.5M,Right,3,4,3,79,76,45,83,80,76,84,82,73,77,81,77,75,86,78,76,52,15,14,9,9,15
K. Kampl,Slovenia,,83,83,RB Leipzig,€26.5M,Right,2,4,3,72,63,34,84,86,75,79,84,71,91,84,80,69,88,73,64,59,13,11,7,6,16
Neto,Brazil,,83,84,Valencia CF,€21M,Right,2,2,1,11,15,14,36,19,13,41,24,49,59,79,49,28,39,20,22,15,85,79,79,78,82
O. Baumann,Germany,,83,84,TSG 1899 Hoffenheim,€21M,Right,2,1,1,14,11,16,30,19,11,25,17,51,45,81,43,21,39,13,22,14,82,82,70,82,85
I. Gueye,Senegal,,83,83,Everton,€21M,Right,2,3,3,60,50,69,80,75,61,72,79,72,80,81,80,80,89,66,54,84,8,6,8,12,13
H. Mkhitaryan,Armenia,,83,83,Arsenal,€25.5M,Right,3,5,4,77,74,53,80,84,64,71,86,78,87,79,85,85,83,73,72,55,5,11,14,5,7
Marcos Alonso,Spain,,83,84,Chelsea,€24M,Left,2,3,3,85,68,83,84,79,86,73,83,76,64,84,58,84,90,77,64,79,9,7,13,9,12
D. Subašić,Croatia,,83,83,AS Monaco,€13M,Right,3,2,1,11,10,13,24,11,57,26,19,54,42,78,37,24,32,14,23,13,82,80,79,82,84
K. Glik,Poland,,83,83,AS Monaco,€19M,Right,3,2,2,29,27,85,63,51,26,59,59,52,34,78,51,57,67,20,39,82,10,14,5,8,10
K. Strootman,Netherlands,,83,83,Olympique de Marseille,€21M,Left,3,3,3,74,68,68,87,75,70,84,84,66,65,83,68,81,79,70,77,75,7,12,11,6,7
B. Dost,Netherlands,,83,83,Sporting CP,€26M,Right,3,3,2,38,87,94,73,68,30,37,74,54,32,85,32,82,82,72,88,26,6,12,15,11,8
Oscar,Brazil,,83,84,Shanghai SIPG FC,€30.5M,Right,3,3,4,74,76,54,86,78,75,82,84,72,86,81,80,80,76,77,68,47,12,10,15,12,12
M. Balotelli,Italy,,83,83,OGC Nice,€27.5M,Right,4,4,4,68,85,67,78,81,78,66,85,82,71,68,50,89,66,79,92,20,2,2,2,4,2
Luiz Gustavo,Brazil,,83,83,Olympique de Marseille,€19M,Left,3,3,3,63,48,72,79,68,60,77,73,64,65,83,62,80,85,73,58,86,10,6,11,12,13
Giuliano,Brazil,,83,83,Al Nassr,€26M,Right,2,3,4,77,79,59,82,84,71,79,84,79,85,81,85,78,82,76,79,38,16,11,13,9,8
David Luiz,Brazil,,83,83,Chelsea,€17.5M,Right,4,3,3,68,55,81,77,66,76,77,79,62,69,75,56,79,66,73,75,82,11,12,10,7,14
R. Fährmann,Germany,,83,84,FC Schalke 04,€20M,Right,2,1,1,14,11,15,25,15,11,26,24,47,39,83,36,24,32,9,21,10,83,81,52,82,87
Juan Mata,Spain,,83,83,Manchester United,€24.5M,Left,3,3,4,83,78,56,85,82,86,79,88,62,84,85,89,75,71,72,81,21,9,10,14,5,8
Adán,Spain,,83,83,Atlético Madrid,€15.5M,Left,2,2,1,12,11,23,34,12,12,43,15,54,55,77,51,25,32,12,25,18,81,84,78,84,83
Rui Patrício,Portugal,,83,83,Wolverhampton Wanderers,€16.5M,Left,3,2,1,12,12,11,31,20,16,30,23,57,61,80,54,38,45,11,32,11,85,81,80,79,82
Y. Sommer,Switzerland,,83,84,Borussia Mönchengladbach,€20M,Right,3,4,1,13,13,10,40,15,13,31,25,54,55,80,58,23,45,12,24,12,78,84,80,80,85
Javi Martínez,Spain,,83,83,FC Bayern München,€20M,Right,3,3,2,60,43,87,77,60,45,74,74,53,53,83,48,76,74,62,52,86,5,12,9,11,8
L. Bender,Germany,,83,83,Bayer 04 Leverkusen,€20M,Right,3,3,2,69,59,78,79,72,47,74,75,67,65,83,63,74,86,71,52,82,12,6,7,12,7
Lucas Leiva,Brazil,,83,83,Lazio,€17.5M,Right,3,3,3,63,62,72,82,77,47,81,78,67,78,82,80,77,80,66,61,78,10,8,8,5,6
S. Mandanda,France,,83,83,Olympique de Marseille,€13M,Right,3,3,1,14,13,13,37,15,12,28,17,43,52,80,36,24,31,11,11,13,86,81,70,79,84
Cesc Fàbregas,Spain,,83,83,Chelsea,€22M,Right,4,3,3,85,72,74,90,79,81,89,85,54,62,81,75,77,56,70,78,58,6,10,8,15,15
M. Dembélé,Belgium,,83,83,Tottenham Hotspur,€24M,Left,3,2,4,65,66,70,86,89,55,80,89,72,79,83,76,81,70,70,63,70,16,14,11,16,14
F. Ribéry,France,,83,83,FC Bayern München,€11.5M,Right,4,4,5,80,74,41,83,84,81,74,87,78,84,83,90,75,58,71,78,26,15,6,9,7,10
R. Jarstein,Norway,,83,83,Hertha BSC,€13M,Right,2,4,1,18,13,16,34,11,14,34,23,46,35,76,45,21,31,18,13,13,79,82,76,86,84
D. De Rossi,Italy,,83,83,Roma,€8M,Right,3,4,2,57,50,81,81,64,71,80,77,67,64,80,72,81,74,72,75,80,10,7,13,10,9
Pepe Reina,Spain,,83,83,Milan,€6M,Right,3,3,1,11,14,13,19,10,11,22,23,63,50,82,60,24,34,15,24,24,80,83,82,82,82
J. Pavlenka,Czech Republic,,82,85,SV Werder Bremen,€19.5M,Right,1,3,1,11,16,14,28,12,14,17,19,37,39,78,27,21,20,17,18,14,85,78,68,78,85
M. de Ligt,Netherlands,,82,91,Ajax,€27M,Right,2,4,2,57,53,81,75,65,55,72,73,72,56,77,59,79,74,64,40,79,12,11,11,12,10
Rodri,Spain,,82,87,Atlético Madrid,€29M,Right,1,3,4,63,64,75,83,77,54,80,82,66,69,79,72,70,86,76,46,74,10,10,7,14,8
Arthur,Brazil,,82,90,FC Barcelona,€32.5M,Right,1,3,4,70,72,58,85,82,60,80,83,70,79,81,86,76,78,74,69,70,6,13,13,11,12
G. Donnarumma,Italy,,82,93,Milan,€29M,Right,3,3,1,12,12,12,34,28,14,24,28,54,64,74,38,24,34,18,24,16,88,78,72,78,88
Rosberto Dourado,Brazil,,82,82,Atlético Mineiro,€16.5M,Right,1,4,2,61,53,70,82,77,57,78,76,81,72,80,80,60,93,59,77,80,15,14,14,10,9
Juiano Mestres,Brazil,,82,82,Cruzeiro,€6.5M,Right,1,3,2,40,56,83,67,60,58,58,64,74,61,78,63,74,76,61,62,84,18,12,14,11,18
Raphaelito Anjos,Brazil,,82,82,Grêmio,€14M,Right,1,2,1,10,8,11,18,9,18,16,21,42,34,82,41,21,29,7,14,13,79,84,77,83,78
Gelson Martins,Portugal,,82,87,Atlético Madrid,€29.5M,Right,3,3,5,81,66,51,78,85,60,55,83,94,94,83,92,72,87,69,66,36,12,9,7,6,9
Gonçalo Guedes,Portugal,,82,86,Valencia CF,€29M,Right,1,3,4,76,75,60,77,86,70,68,81,90,85,80,78,81,81,77,69,30,9,12,11,9,9
L. Torreira,Uruguay,,82,87,Arsenal,€25M,Right,2,3,3,74,50,55,83,78,76,77,81,74,83,79,93,78,85,74,48,75,5,5,13,7,9
Malcom,Brazil,,82,89,FC Barcelona,€31.5M,Left,2,4,4,79,75,57,82,85,81,73,85,82,92,80,84,85,74,85,68,17,8,14,15,7,9
Pau López,Spain,,82,87,Real Betis,€21.5M,Left,1,3,1,24,19,15,38,18,21,41,16,52,40,74,57,21,42,18,25,11,81,82,79,83,81
L. Hernández,France,,82,88,Atlético Madrid,€25.5M,Left,1,3,3,78,42,83,80,65,28,63,79,84,70,80,67,62,82,47,34,86,10,7,8,14,10
C. Lenglet,France,,82,88,FC Barcelona,€26M,Left,1,4,2,36,23,78,78,60,27,69,76,73,62,79,60,58,73,35,43,81,10,10,9,12,7
A. Kramarić,Croatia,,82,83,TSG 1899 Hoffenheim,€26M,Right,2,4,4,75,86,69,79,87,74,53,86,72,82,81,82,82,76,80,88,26,8,14,14,7,15
A. Robertson,Scotland,,82,87,Liverpool,€24.5M,Left,1,2,3,86,57,63,76,76,30,68,78,86,78,81,74,67,89,60,55,78,11,8,10,7,14
Dani García,Spain,,82,83,Athletic Club de Bilbao,€20M,Right,2,3,3,55,51,46,86,66,57,81,81,35,67,72,72,74,88,58,58,77,6,14,14,6,11
F. Bernardeschi,Italy,,82,87,Juventus,€29.5M,Left,2,3,5,82,70,50,82,86,80,72,87,83,85,80,79,82,80,82,72,42,14,15,10,13,12
J. Brandt,Germany,,82,88,Bayer 04 Leverkusen,€30.5M,Right,2,4,4,77,78,42,82,87,59,69,85,84,82,80,78,80,73,78,54,24,11,16,11,8,9
D. Rugani,Italy,,82,86,Juventus,€24.5M,Right,2,3,2,40,33,80,65,64,25,59,65,67,59,78,53,58,67,39,36,82,5,10,5,5,5
Samu Castillejo,Spain,,82,86,Milan,€29M,Left,2,2,4,81,77,43,80,85,75,77,83,86,83,82,78,78,55,73,59,25,13,16,15,8,14
João Cancelo,Portugal,,82,88,Juventus,€25.5M,Right,2,3,4,85,58,64,78,84,69,75,83,91,78,82,74,80,89,66,46,79,6,9,15,14,14
A. Romagnoli,Italy,,82,89,Milan,€26.5M,Left,2,3,2,36,30,76,70,65,24,69,69,69,60,78,53,64,75,46,34,81,9,14,12,8,9
T. Partey,Ghana,,82,88,Atlético Madrid,€25.5M,Right,1,3,3,58,63,68,85,78,58,79,81,76,72,77,53,79,87,75,46,80,11,13,9,9,7
Fred,Brazil,,82,84,Manchester United,€26.5M,Left,1,4,4,67,74,55,85,79,72,80,86,79,84,82,87,76,87,76,65,69,7,16,15,11,15
J. Vardy,England,,82,82,Leicester City,€20M,Right,3,3,3,64,85,69,65,76,57,48,76,91,75,88,76,85,86,67,81,51,15,14,7,15,11
A. Belotti,Italy,,82,87,Torino,€30M,Right,3,5,3,42,88,84,68,78,56,42,75,79,79,76,75,81,83,67,77,32,13,7,12,14,7
E. Forsberg,Sweden,,82,83,RB Leipzig,€26M,Right,2,4,4,84,70,45,85,82,77,69,87,70,81,82,82,73,74,74,66,17,13,7,9,15,11
J. Lingard,England,,82,83,Manchester United,€26.5M,Right,2,3,4,74,78,64,78,83,63,66,83,82,86,83,86,80,87,80,65,44,14,10,8,13,9
F. Vázquez,Argentina,,82,82,Sevilla FC,€21.5M,Left,2,3,4,73,74,68,84,86,68,78,87,62,69,78,39,76,61,84,67,37,14,15,13,9,7
E. Višća,Bosnia Herzegovina,,82,82,Medipol Başakşehir FK,€22.5M,Right,2,4,4,80,80,45,78,82,60,69,82,89,93,80,88,79,84,77,75,40,8,14,14,12,16
A. Rüdiger,Germany,,82,84,Chelsea,€22.5M,Right,2,3,2,68,27,80,75,59,56,72,69,78,59,82,50,70,60,41,40,82,14,15,10,12,8
A. Florenzi,Italy,,82,83,Roma,€20.5M,Right,3,3,4,77,70,72,77,78,79,75,79,84,87,80,82,82,90,82,76,78,9,8,10,11,10
H. Maguire,England,,82,85,Leicester City,€23.5M,Right,1,3,2,44,43,87,77,70,46,72,76,53,52,79,58,68,68,45,44,81,14,16,9,14,9
T. Meunier,Belgium,,82,83,Paris Saint-Germain,€21M,Right,2,4,3,83,76,75,82,75,56,74,82,81,63,80,49,77,92,78,65,80,8,13,15,6,9
S. Sané,Senegal,,82,82,FC Schalke 04,€18.5M,Right,2,3,3,57,38,88,73,64,58,71,70,62,60,79,37,77,69,55,43,78,14,7,10,13,16
G. Kondogbia,Central African Rep.,,82,85,Valencia CF,€27.5M,Left,2,2,4,65,69,75,81,78,56,79,82,76,76,84,67,86,85,80,45,82,15,10,10,8,10
Rafinha,Brazil,,82,87,FC Barcelona,€29.5M,Left,2,4,4,72,73,55,86,87,61,76,84,70,80,79,80,79,67,82,67,66,11,6,15,13,7
Gabriel Paulista,Brazil,,82,83,Valencia CF,€21M,Right,2,2,2,67,42,81,74,60,46,69,69,74,69,80,67,61,72,50,51,83,15,6,15,15,7
Morata,Spain,,82,85,Chelsea,€28.5M,Right,3,4,3,73,80,86,78,83,44,51,82,86,66,79,60,80,68,72,70,20,4,5,4,4,5
J. Cillessen,Netherlands,,82,84,FC Barcelona,€18M,Right,3,3,1,17,10,12,47,12,10,33,32,50,48,78,50,35,40,15,21,11,80,83,75,81,80
W. Ben Yedder,France,,82,82,Sevilla FC,€23.5M,Right,2,5,4,74,84,74,78,84,76,66,83,83,91,83,87,79,69,69,76,26,6,13,9,7,7
C. Bakambu,DR Congo,,82,83,Beijing Sinobo Guoan FC,€26M,Right,2,4,3,74,84,71,75,80,54,66,82,88,80,81,72,84,79,74,69,21,6,13,6,14,6
Pablo Sarabia,Spain,,82,83,Sevilla FC,€26M,Left,2,4,4,86,78,61,83,86,74,77,84,76,80,77,81,76,72,77,69,46,16,7,15,6,14
W. Zaha,Ivory Coast,,82,85,Crystal Palace,€28.5M,Right,2,3,5,81,77,47,75,90,51,65,87,92,88,77,82,78,76,68,66,28,15,10,15,11,10
Luis Alberto,Spain,,82,85,Lazio,€28.5M,Right,2,3,4,76,80,49,88,86,81,87,88,72,79,83,74,77,73,77,56,18,6,8,6,12,11
Jonathan Viera,Spain,,82,82,Beijing Sinobo Guoan FC,€22.5M,Right,2,4,4,75,78,41,84,84,76,78,82,76,89,81,92,70,79,79,74,55,16,16,9,14,9
Bartra,Spain,,82,83,Real Betis,€21M,Right,3,3,3,55,55,82,79,70,45,78,80,72,72,82,71,66,67,62,52,80,10,15,13,12,8
S. Coates,Uruguay,,82,83,Sporting CP,€21M,Right,3,3,2,17,42,80,72,64,19,70,62,64,32,75,30,50,81,30,65,85,16,13,15,16,13
Willian José,Brazil,,82,83,Real Sociedad,€26.5M,Right,2,4,4,54,84,84,78,79,71,50,80,65,65,81,43,84,73,77,80,30,15,14,16,15,8
Mário Fernandes,Russia,,82,82,PFC CSKA Moscow,€18.5M,Right,2,3,3,76,56,76,78,77,39,74,79,85,79,80,61,71,87,58,53,84,12,13,14,13,12
Víctor Ruiz,Spain,,82,83,Villarreal CF,€19.5M,Left,2,2,2,54,37,77,74,53,46,70,71,59,56,78,58,59,72,38,46,85,12,8,6,6,14
T. Delaney,Denmark,,82,83,Borussia Dortmund,€21.5M,Left,2,4,3,67,72,83,79,73,68,77,77,78,73,81,74,78,90,74,60,81,8,12,11,14,15
K. Casteels,Belgium,,82,85,VfL Wolfsburg,€19.5M,Left,2,2,1,15,15,14,35,14,13,37,23,46,50,81,43,21,44,18,20,17,83,77,77,81,83
M. Götze,Germany,,82,85,Borussia Dortmund,€27M,Right,4,4,4,78,75,51,87,84,72,82,90,64,86,84,85,68,73,66,77,57,14,7,12,6,10
S. Mustafi,Germany,,82,84,Arsenal,€22.5M,Right,3,3,2,53,58,81,77,53,47,69,70,65,63,82,67,66,68,52,54,82,11,9,15,10,6
J. Pastore,Argentina,,82,82,Roma,€21.5M,Right,3,4,4,77,73,61,86,87,69,83,86,69,79,78,63,78,62,76,75,51,14,9,6,10,12
Pedro,Spain,,82,82,Chelsea,€21M,Right,3,5,4,78,78,55,80,84,57,71,85,74,82,81,80,77,70,79,66,31,5,11,12,15,9
G. Bonaventura,Italy,,82,82,Milan,€22M,Right,3,3,4,82,70,70,84,83,78,80,85,77,77,82,77,84,84,86,68,68,10,14,7,15,14
R. Bürki,Switzerland,,82,85,Borussia Dortmund,€18.5M,Right,3,2,1,15,8,17,37,12,12,24,23,54,49,79,52,22,36,14,20,16,86,78,73,77,86
Taison,Brazil,,82,82,Shakhtar Donetsk,€21M,Right,2,3,4,73,76,56,77,87,73,75,85,91,90,79,83,83,79,83,72,40,7,7,11,15,13
S. Nzonzi,France,,82,82,Roma,€17M,Right,2,3,2,59,64,79,79,72,42,77,81,55,36,81,31,79,86,66,57,76,7,16,16,16,13
Marlos,Ukraine,,82,82,Shakhtar Donetsk,€21M,Left,2,4,5,76,79,53,81,87,72,73,88,82,92,77,84,77,78,78,80,42,6,13,13,8,9
A. Ramsey,Wales,,82,83,Arsenal,€25M,Right,3,3,3,75,74,58,84,81,66,80,82,69,73,81,74,81,89,74,75,67,6,11,5,10,8
K. Trippier,England,,82,82,Tottenham Hotspur,€18.5M,Right,2,4,3,91,48,73,79,75,83,78,80,75,74,81,74,75,88,70,66,79,11,14,8,11,10
A. Kolarov,Serbia,,82,82,Roma,€12.5M,Left,2,3,3,91,55,80,77,79,86,77,76,70,63,84,58,91,84,83,74,81,16,15,8,16,6
G. Sigurðsson,Iceland,,82,82,Everton,€22.5M,Right,3,5,3,86,77,60,84,80,86,80,85,55,68,78,63,83,86,86,79,55,13,8,10,15,12
S. Giovinco,Italy,,82,82,Toronto FC,€20M,Right,2,4,4,72,80,34,80,86,93,76,86,80,94,80,91,80,77,81,73,28,6,3,6,3,3
M. Arnautović,Austria,,82,82,West Ham United,€22M,Right,3,4,4,80,78,74,78,84,72,74,85,83,70,78,66,84,78,75,77,39,14,15,10,10,15
N. Gaitán,Argentina,,82,82,Dalian YiFang FC,€21M,Left,3,2,4,80,71,54,81,84,72,75,83,79,87,82,81,72,69,73,71,43,8,11,9,7,5
J. Henderson,England,,82,82,Liverpool,€18M,Right,2,3,3,81,67,65,84,73,74,84,80,66,70,80,70,77,91,71,64,76,7,13,7,9,13
M. Kruse,Germany,,82,82,SV Werder Bremen,€21.5M,Left,2,4,4,81,83,63,84,82,69,80,85,67,74,85,76,81,71,79,90,34,12,7,5,13,9
M. Parolo,Italy,,82,82,Lazio,€9M,Right,2,4,3,70,70,75,80,75,55,83,79,69,67,82,71,87,88,86,45,82,13,9,6,7,9
L. Fejsa,Serbia,,82,82,SL Benfica,€17M,Right,2,3,2,50,49,73,78,68,57,74,72,55,57,78,58,73,90,62,56,77,14,12,13,11,14
A. Rami,France,,82,82,Olympique de Marseille,€12.5M,Right,3,3,2,36,45,77,66,56,55,68,68,67,54,75,54,77,84,58,48,79,5,3,5,5,3
V. Ćorluka,Croatia,,82,82,Lokomotiv Moscow,€12.5M,Right,3,3,3,68,44,83,70,65,60,72,73,65,57,77,46,64,80,50,49,82,15,9,12,14,6
G. Wijnaldum,Netherlands,,82,82,Liverpool,€23M,Right,3,3,4,67,70,72,84,84,70,76,84,76,80,82,81,76,85,71,74,65,16,6,14,12,6
F. Fazio,Argentina,,82,82,Roma,€15M,Right,3,2,2,44,41,89,64,48,37,62,72,43,29,84,32,63,74,26,26,78,8,9,12,11,14
O. Giroud,France,,82,82,Chelsea,€20M,Left,3,3,3,64,83,90,79,70,65,58,83,50,57,83,54,85,62,74,83,20,12,15,11,6,5
Marcano,Spain,,82,82,Roma,€15M,Left,3,3,2,49,43,83,76,54,37,67,67,69,58,78,56,65,78,42,45,80,8,16,7,14,16
A. Guardado,Mexico,,82,82,Real Betis,€19M,Left,3,2,4,73,60,55,85,80,81,83,84,73,81,82,88,74,84,72,70,73,7,10,10,11,10
E. Garay,Argentina,,82,82,Valencia CF,€15M,Right,3,3,2,62,58,80,69,60,74,72,73,36,54,76,34,80,62,64,69,81,14,6,13,13,14
Jardel,Brazil,,82,82,SL Benfica,€12.5M,Right,2,2,2,46,38,85,68,52,35,53,60,63,35,77,34,58,68,37,57,78,7,16,11,16,7
S. Sirigu,Italy,,82,82,Torino,€13.5M,Right,3,2,1,13,10,11,23,15,11,28,18,51,52,75,55,20,34,14,19,13,84,76,76,83,81
E. Viviano,Italy,,82,82,Sporting CP,€12.5M,Left,2,2,1,12,17,13,36,18,16,37,22,33,35,74,32,21,29,18,21,12,83,84,76,81,83
L. Koscielny,France,,82,82,Arsenal,€12.5M,Right,3,3,2,52,32,80,76,62,49,69,66,66,65,76,61,54,62,47,51,83,13,11,9,11,7
A. Consigli,Italy,,82,82,Sassuolo,€13.5M,Right,2,3,1,10,10,10,31,10,15,27,23,34,57,75,40,24,31,19,21,19,82,83,72,82,83
L. Biglia,Argentina,,82,82,Milan,€12.5M,Right,3,4,3,74,50,54,86,80,76,82,84,65,76,80,78,77,75,75,72,74,14,12,7,12,7
Dani Alves,Brazil,,82,82,Paris Saint-Germain,€4.8M,Right,4,3,4,85,61,72,81,84,74,79,86,79,84,77,87,86,74,78,70,82,5,11,9,6,7
David Villa,Spain,,82,82,New York City FC,€8M,Right,3,5,4,71,86,67,76,83,80,67,85,67,71,83,73,81,70,79,88,38,8,9,9,11,9
Aduriz,Spain,,82,82,Athletic Club de Bilbao,€8M,Right,3,3,3,54,83,92,72,76,54,52,82,66,50,85,55,82,60,78,82,49,14,10,9,15,9
P. Čech,Czech Republic,,82,82,Arsenal,€3M,Left,4,3,1,19,12,19,35,12,19,33,22,38,46,77,34,21,32,11,23,12,78,82,70,83,79
Casillas,Spain,,82,82,FC Porto,€1.5M,Left,4,2,1,13,12,25,21,25,13,22,23,57,62,77,46,28,43,13,24,13,87,74,58,82,84
M. Rashford,England,,81,89,Manchester United,€27M,Right,2,4,4,75,78,71,75,83,78,65,80,93,88,79,77,87,79,77,74,33,11,6,15,7,14
Laure Santeiro,Brazil,,81,81,Fluminense,€17M,Left,1,5,4,73,72,44,79,82,75,80,82,78,89,80,88,67,67,75,74,23,9,7,8,14,10
L. Bailey,Jamaica,,81,89,Bayer 04 Leverkusen,€26.5M,Left,1,4,4,77,75,57,75,86,73,66,82,90,86,80,84,79,76,77,71,18,12,13,6,15,14
M. Akanji,Switzerland,,81,87,Borussia Dortmund,€21M,Right,2,3,2,51,36,75,78,67,27,76,75,86,69,81,66,58,76,45,40,80,10,9,13,6,9
F. de Jong,Netherlands,,81,89,Ajax,€26M,Right,1,3,4,75,52,64,87,86,61,82,88,76,84,83,78,68,74,55,45,70,7,13,10,10,9
Nélson Semedo,Portugal,,81,86,FC Barcelona,€20M,Right,2,3,4,74,50,58,73,80,30,65,78,92,88,82,83,74,91,60,38,79,16,12,10,14,12
Pablo Fornals,Spain,,81,86,Villarreal CF,€24M,Right,1,3,4,74,77,50,84,81,60,80,81,66,79,76,76,75,77,80,46,73,9,11,12,7,15
Fabián,Spain,,81,89,Napoli,€26M,Left,1,4,4,72,79,67,80,81,59,80,83,67,73,79,66,75,73,82,67,75,16,11,7,13,13
E. Bailly,Ivory Coast,,81,87,Manchester United,€21M,Right,2,3,2,51,33,79,70,60,43,56,65,79,65,74,62,55,72,48,46,83,14,14,10,9,8
Dani Ceballos,Spain,,81,88,Real Madrid,€25M,Right,1,3,4,74,68,41,83,85,63,80,85,67,82,80,79,64,75,71,55,74,12,15,16,7,13
H. Lozano,Mexico,,81,86,PSV,€24M,Right,3,4,4,75,77,60,74,84,65,67,80,93,91,77,76,76,80,76,64,29,11,10,14,14,10
Morales,Spain,,81,81,Levante UD,€17M,Right,1,4,4,79,80,54,75,87,72,68,83,88,78,75,80,76,82,80,76,45,14,13,13,16,8
J. Seri,Ivory Coast,,81,82,Fulham,€20.5M,Right,2,4,3,72,69,60,86,78,81,84,84,70,82,75,88,78,75,76,67,65,14,13,9,10,12
M. Politano,Italy,,81,84,Inter,€22.5M,Left,2,4,4,79,74,40,78,84,75,74,83,84,90,79,82,78,79,82,70,29,11,12,6,8,11
M. Brozović,Croatia,,81,84,Inter,€18.5M,Right,2,4,3,72,69,62,83,81,74,83,83,70,74,77,74,80,84,81,69,75,8,8,15,11,8
Williams,Spain,,81,87,Athletic Club de Bilbao,€24.5M,Right,2,3,4,78,77,70,79,82,53,66,81,94,80,78,55,85,75,78,64,31,14,15,14,10,13
A. Correa,Argentina,,81,87,Atlético Madrid,€24.5M,Right,1,4,4,74,82,67,73,87,65,65,87,82,87,82,83,80,74,83,55,44,13,10,9,8,16
A. Christensen,Denmark,,81,88,Chelsea,€21.5M,Right,2,3,2,49,36,80,77,68,22,72,74,70,61,80,61,31,69,20,36,84,10,12,8,6,8
João Mário,Portugal,,81,84,Inter,€22.5M,Right,3,4,4,77,64,55,83,83,67,78,83,69,81,73,77,76,79,72,66,62,6,15,8,8,8
T. Strakosha,Albania,,81,86,Lazio,€17M,Right,1,2,1,18,18,11,26,14,12,22,15,46,31,74,47,18,23,14,21,12,81,77,75,78,86
E. Hysaj,Albania,,81,86,Napoli,€20M,Right,2,3,3,78,47,66,77,75,30,70,77,82,76,79,69,68,87,43,40,80,12,6,14,9,11
P. Zieliński,Poland,,81,88,Napoli,€24.5M,Right,3,5,4,77,65,52,82,84,65,79,85,84,79,76,76,76,72,80,51,71,12,9,12,11,6
Ricardo Pereira,Portugal,,81,85,Leicester City,€19M,Right,3,4,3,81,61,64,80,83,45,78,79,87,82,81,77,67,84,62,60,75,16,12,15,11,11
Grimaldo,Spain,,81,87,SL Benfica,€20.5M,Left,3,2,3,83,50,65,79,83,82,78,82,83,85,79,86,78,83,72,51,79,7,13,10,7,13
R. Guerreiro,Portugal,,81,86,Borussia Dortmund,€24M,Left,3,3,4,85,75,52,84,83,82,75,84,68,88,83,86,79,72,82,44,77,12,6,8,11,8
A. Doucouré,France,,81,85,Watford,€19.5M,Right,2,3,3,68,73,66,82,78,42,74,80,70,60,74,69,84,93,75,54,75,15,12,12,15,14
J. Martínez,Venezuela,,81,84,Atlanta United,€22.5M,Right,1,4,3,53,84,77,68,75,57,55,78,92,91,79,90,79,72,65,70,15,12,14,14,12,8
C. Bacca,Colombia,,81,81,Villarreal CF,€16M,Right,3,2,3,60,84,75,68,80,58,55,80,75,73,80,77,80,66,60,80,14,12,12,8,5,8
A. Plea,France,,81,83,Borussia Mönchengladbach,€22M,Right,2,3,4,78,82,73,76,78,74,68,79,77,79,81,78,83,82,81,65,30,11,15,16,12,15
B. Davies,Wales,,81,84,Tottenham Hotspur,€18.5M,Left,2,3,3,83,58,69,79,76,48,70,79,74,70,78,68,65,85,52,54,82,11,7,6,7,14
M. Nastasić,Serbia,,81,84,FC Schalke 04,€18.5M,Left,2,2,2,46,30,78,73,43,68,69,65,77,65,80,59,44,62,22,52,87,11,16,11,15,13
A. Milik,Poland,,81,88,Napoli,€25.5M,Left,3,3,4,58,88,78,63,74,74,62,78,74,68,75,63,85,73,82,79,32,9,16,16,15,6
M. Sabitzer,Austria,,81,84,RB Leipzig,€22.5M,Right,2,4,3,70,79,56,79,79,63,67,81,77,75,85,79,86,84,81,65,51,11,13,14,15,13
B. Mendy,France,,81,86,Manchester City,€20M,Left,2,3,3,87,33,65,80,80,34,69,79,86,68,80,70,79,81,65,50,81,7,7,9,15,9
C. Kramer,Germany,,81,82,Borussia Mönchengladbach,€17M,Right,2,3,3,61,45,58,80,71,51,72,81,52,66,85,54,53,93,40,47,76,8,13,9,6,8
S. Vrsaljko,Croatia,,81,84,Inter,€18M,Right,2,3,3,82,44,73,77,74,57,70,79,79,67,77,72,75,90,58,52,77,15,11,10,10,12
T. Hazard,Belgium,,81,83,Borussia Mönchengladbach,€21.5M,Right,2,3,4,77,69,38,81,85,79,72,83,77,91,81,83,78,77,77,83,35,6,9,7,7,8
K. Bellarabi,Germany,,81,81,Bayer 04 Leverkusen,€18M,Right,3,3,4,76,72,48,78,87,58,58,83,91,86,81,78,85,73,77,57,33,10,12,7,11,10
S. Zaza,Italy,,81,82,Torino,€21M,Left,2,3,4,52,80,79,71,77,56,45,79,79,76,78,69,85,76,72,79,50,7,13,9,7,9
F. Ghoulam,Algeria,,81,82,Napoli,€16.5M,Left,2,4,3,85,54,70,79,79,68,74,80,82,72,79,62,80,88,69,76,80,12,7,8,8,13
B. Lecomte,France,,81,84,Montpellier HSC,€15M,Left,2,3,1,13,11,10,17,11,19,21,23,40,36,78,25,18,34,10,20,12,81,76,79,81,82
J. Iličić,Slovenia,,81,81,Atalanta,€17M,Left,3,3,4,78,78,58,82,83,84,74,87,70,70,80,56,87,64,87,78,26,13,13,8,12,6
K. Volland,Germany,,81,83,Bayer 04 Leverkusen,€22M,Left,2,3,3,78,81,67,81,79,76,67,81,77,73,82,84,85,88,81,72,33,8,7,9,7,12
Paco Alcácer,Spain,,81,85,Borussia Dortmund,€23.5M,Right,2,4,3,53,85,77,76,78,63,51,81,80,83,84,84,80,65,68,71,26,12,14,14,8,5
Vitolo,Spain,,81,81,Atlético Madrid,€18M,Right,2,4,3,78,77,65,79,84,62,80,83,77,74,80,63,77,80,73,74,23,11,16,8,14,16
G. Xhaka,Switzerland,,81,84,Arsenal,€22M,Left,3,2,3,71,49,62,85,70,77,85,80,49,49,77,61,88,80,80,63,68,7,8,11,7,13
D. Tadić,Serbia,,81,81,Ajax,€17.5M,Left,3,2,4,83,74,63,81,85,76,77,86,68,82,78,80,69,69,65,71,26,11,11,14,9,16
C. Aránguiz,Chile,,81,81,Bayer 04 Leverkusen,€17M,Right,2,4,3,78,64,53,84,75,76,83,82,65,80,76,85,80,87,75,76,72,15,7,12,8,13
S. Verdi,Italy,,81,81,Napoli,€19.5M,Left,2,5,4,82,67,42,82,84,84,76,86,86,92,78,90,81,75,77,68,60,12,10,7,15,9
D. Lovren,Croatia,,81,82,Liverpool,€16M,Right,2,4,2,59,33,80,69,63,18,66,67,55,50,75,41,63,68,34,52,85,14,14,13,10,7
G. Medel,Chile,,81,81,Beşiktaş JK,€13M,Right,3,4,3,50,31,68,79,63,45,78,71,70,78,80,92,65,84,59,58,79,14,7,9,6,6
X. Shaqiri,Switzerland,,81,81,Liverpool,€19M,Left,3,4,5,78,71,45,81,86,84,80,84,77,84,80,91,87,75,84,65,48,13,12,12,11,11
J. Corona,Mexico,,81,83,FC Porto,€21.5M,Right,3,5,5,73,76,67,76,91,67,68,84,79,90,82,87,66,74,67,68,31,11,6,10,14,9
A. Areola,France,,81,85,Paris Saint-Germain,€16.5M,Right,2,3,1,20,19,14,41,12,16,32,22,52,53,77,58,25,28,14,25,12,83,78,70,77,84
K. Vogt,Germany,,81,82,TSG 1899 Hoffenheim,€17.5M,Right,2,3,2,60,50,79,79,67,62,83,71,82,59,78,47,78,74,57,53,78,6,13,8,7,14
Ander Herrera,Spain,,81,81,Manchester United,€17.5M,Right,3,4,3,74,71,58,83,77,65,79,82,68,79,82,78,75,87,69,79,77,9,12,15,9,8
E. Salvio,Argentina,,81,81,SL Benfica,€18.5M,Right,2,4,4,78,77,73,75,85,64,72,84,87,83,80,76,80,85,76,75,56,9,11,9,5,14
S. El Shaarawy,Italy,,81,82,Roma,€21M,Right,3,3,5,74,78,51,74,84,63,57,86,87,85,72,81,74,68,74,67,25,5,3,5,5,3
C. Smalling,England,,81,82,Manchester United,€16M,Right,3,3,2,52,54,82,63,59,22,63,58,74,55,75,45,42,71,35,52,80,10,15,16,15,15
Hulk,Brazil,,81,81,Shanghai SIPG FC,€15.5M,Left,4,3,4,76,81,69,78,82,81,72,79,80,69,82,59,94,86,90,78,28,6,10,7,11,12
S. Kagawa,Japan,,81,81,Borussia Dortmund,€17.5M,Right,3,4,4,65,76,48,83,86,63,72,83,60,87,81,88,54,82,55,80,49,11,9,8,9,13
M. Lanzini,Argentina,,81,85,West Ham United,€23M,Right,2,3,4,74,70,56,80,87,76,78,86,78,86,73,89,75,73,76,73,25,14,9,6,7,15
F. Smolov,Russia,,81,81,Lokomotiv Moscow,€18.5M,Right,1,4,4,56,84,70,77,77,69,62,78,85,75,74,66,80,74,81,74,24,16,9,16,15,10
L. Stindl,Germany,,81,81,Borussia Mönchengladbach,€18M,Right,2,4,4,76,79,64,85,78,69,69,83,67,70,84,78,81,78,83,80,50,7,10,13,11,12
O. Toprak,Turkey,,81,82,Borussia Dortmund,€16M,Right,3,4,2,49,28,80,75,63,33,70,71,83,64,81,61,62,67,29,43,83,11,8,11,12,15
D. Perotti,Argentina,,81,81,Roma,€17.5M,Right,3,4,4,79,66,57,81,88,64,69,88,76,83,80,78,73,73,71,90,22,5,8,14,6,8
F. Muslera,Uruguay,,81,81,Galatasaray SK,€10M,Right,3,2,1,15,10,12,44,25,10,47,23,62,68,76,62,25,45,10,24,16,81,75,75,81,83
B. Höwedes,Germany,,81,81,Lokomotiv Moscow,€13M,Right,3,3,2,58,51,83,72,59,52,64,65,52,60,81,61,57,61,31,56,81,14,6,9,10,7
S. Kjær,Denmark,,81,81,Sevilla FC,€14M,Right,3,3,2,54,55,82,73,46,69,69,71,65,40,73,58,78,76,41,61,78,6,10,13,10,15
S. Bender,Germany,,81,81,Bayer 04 Leverkusen,€14M,Right,2,4,2,43,39,75,74,58,30,69,60,72,63,78,61,73,83,62,34,88,13,7,8,14,15
M. Valbuena,France,,81,81,Fenerbahçe SK,€11M,Right,3,3,3,82,74,48,82,83,77,77,82,79,86,77,92,75,73,79,68,34,14,12,8,6,8
Pedro León,Spain,,81,81,SD Eibar,€15.5M,Right,2,3,4,91,76,36,83,84,85,85,85,63,68,76,73,84,65,80,71,36,11,12,10,15,16
K. Boateng,Ghana,,81,81,Sassuolo,€15M,Right,3,4,4,75,78,74,82,79,71,78,84,65,77,79,68,84,68,78,67,74,6,11,15,16,6
L. Piszczek,Poland,,81,81,Borussia Dortmund,€7M,Right,3,4,2,82,65,74,76,72,47,69,76,83,66,81,66,78,77,69,65,79,14,11,14,6,12
A. Candreva,Italy,,81,81,Inter,€15.5M,Right,3,4,4,83,73,55,78,82,71,73,83,78,74,78,76,87,86,82,83,53,10,4,14,4,14
D. Wass,Denmark,,81,81,Valencia CF,€17M,Right,2,3,4,78,74,67,82,80,85,79,81,76,79,80,63,86,90,77,64,69,11,9,10,13,13
E. Lamela,Argentina,,81,82,Tottenham Hotspur,€21M,Left,2,2,4,78,74,69,83,86,80,73,84,74,75,78,74,81,78,82,75,42,10,15,11,8,13
D. Rose,England,,81,81,Tottenham Hotspur,€14.5M,Left,3,3,3,82,57,62,76,80,57,66,77,78,69,82,76,68,78,67,57,84,10,11,8,13,13
C. Vela,Mexico,,81,81,Los Angeles FC,€17.5M,Left,3,2,4,79,81,70,81,83,71,66,83,80,81,78,81,74,74,80,72,14,8,14,8,13,10
Renato Augusto,Brazil,,81,81,Beijing Sinobo Guoan FC,€16.5M,Right,2,4,3,75,65,57,81,82,75,81,81,67,66,81,66,81,81,81,68,64,6,11,16,15,8
A. Valencia,Ecuador,,81,81,Manchester United,€10M,Right,2,2,3,79,60,62,81,80,66,72,81,85,72,82,78,85,79,66,55,79,16,11,10,7,7
L. Fabiański,Poland,,81,81,West Ham United,€9M,Right,2,2,1,14,13,11,20,14,12,32,22,47,52,71,44,14,25,20,22,13,79,83,70,80,84
João Moutinho,Portugal,,81,81,Wolverhampton Wanderers,€15M,Right,3,4,3,77,74,70,83,79,79,81,82,59,76,75,84,76,78,80,70,68,13,15,15,13,13
Borja Valero,Spain,,81,81,Inter,€11M,Right,3,4,4,78,67,60,89,85,76,85,88,52,74,81,80,72,69,70,72,62,5,4,10,8,7
F. Quagliarella,Italy,,81,81,Sampdoria,€8M,Right,2,4,4,66,84,68,76,76,78,73,81,67,71,81,75,87,66,89,84,15,6,7,5,4,4
B. Gomis,France,,81,81,Al Hilal,€14M,Right,3,3,4,61,84,82,75,78,62,46,79,70,59,78,58,84,68,75,83,35,14,11,9,9,13
Manuel Fernandes,Portugal,,81,81,Lokomotiv Moscow,€14M,Right,2,4,4,79,70,59,80,86,70,80,83,76,82,76,76,81,76,82,73,68,14,14,9,16,8
H. Herrera,Mexico,,81,81,FC Porto,€17.5M,Right,3,4,3,63,68,59,78,76,63,75,78,73,66,78,70,81,94,78,64,67,6,10,15,7,16
Raffael,Brazil,,81,81,Borussia Mönchengladbach,€11M,Right,2,4,4,78,78,63,83,87,77,76,85,66,83,82,83,77,62,74,72,31,12,10,5,13,14
Nani,Portugal,,81,81,Sporting CP,€15.5M,Right,3,5,5,80,70,61,79,87,79,77,86,74,92,77,77,85,74,83,72,20,5,10,13,6,6
J. Milner,England,,81,81,Liverpool,€13.5M,Right,2,4,3,86,62,66,84,76,75,81,79,62,69,84,73,82,91,70,83,79,1,1,1,1,1
J. Mathieu,France,,81,81,Sporting CP,€5.5M,Left,3,2,2,79,52,80,73,65,75,77,62,74,52,74,43,80,78,74,72,82,13,14,10,9,5
Joaquín,Spain,,81,81,Real Betis,€6M,Right,2,3,4,86,80,59,82,85,77,83,83,65,72,80,72,74,54,76,75,39,9,14,6,10,11
M. Gómez,Uruguay,,80,85,RC Celta,€20.5M,Right,1,3,3,56,85,81,76,76,53,58,77,65,45,77,53,79,71,76,67,23,7,8,13,12,6
K. Havertz,Germany,,80,89,Bayer 04 Leverkusen,€22M,Left,1,5,4,69,72,65,82,81,53,73,83,86,78,78,71,66,73,66,49,38,6,8,11,10,12
T. Ndombele,France,,80,89,Olympique Lyonnais,€22.5M,Right,1,3,4,67,59,56,82,86,63,79,84,76,83,79,83,80,78,70,60,69,8,10,13,8,7
H. Aouar,France,,80,90,Olympique Lyonnais,€23.5M,Right,1,4,4,68,72,54,84,84,59,78,82,79,81,78,81,61,79,67,63,63,14,6,11,7,10
Carlos Soler,Spain,,80,87,Valencia CF,€21M,Right,1,4,4,80,74,56,84,79,82,79,82,77,75,80,70,77,78,73,73,56,6,14,7,13,11
Odriozola,Spain,,80,88,Real Madrid,€18.5M,Right,1,3,3,81,45,73,77,69,30,70,77,82,78,77,79,58,80,59,62,80,11,12,10,5,14
M. Almirón,Paraguay,,80,84,Atlanta United,€19.5M,Left,1,2,4,71,74,43,79,81,70,70,79,89,86,79,64,78,85,73,64,49,6,9,13,13,12
Welington Dano,Brazil,,80,80,Cruzeiro,€10.5M,Left,1,4,4,82,51,69,78,77,52,71,78,80,83,80,81,55,89,53,61,81,16,15,15,7,7
Everton Andrão,Brazil,,80,80,Fluminense,€4.5M,Right,1,4,2,75,58,59,78,75,73,75,77,68,78,78,77,72,89,64,61,77,9,9,14,15,8
Oyarzabal,Spain,,80,87,Real Sociedad,€21M,Left,1,3,3,81,78,44,80,84,71,73,85,75,70,81,70,73,71,79,52,30,10,6,10,13,11
F. Balbuena,Paraguay,,80,83,West Ham United,€15.5M,Right,1,3,2,33,31,82,71,47,34,56,56,65,42,77,42,71,76,34,48,76,9,13,15,9,15
M. Marega,Mali,,80,80,FC Porto,€16M,Right,2,3,2,59,80,81,68,62,37,52,65,88,67,76,50,86,91,74,71,28,14,7,13,11,11
B. Pavard,France,,80,86,VfB Stuttgart,€17.5M,Right,1,3,3,66,37,73,78,66,51,80,77,73,68,77,66,60,77,48,51,81,9,7,15,7,15
W. Ndidi,Nigeria,,80,85,Leicester City,€17M,Right,1,4,3,50,50,76,74,74,58,70,75,73,67,79,67,82,92,74,55,83,13,14,7,7,13
A. Onana,Cameroon,,80,85,Ajax,€14.5M,Right,2,3,1,15,12,20,33,26,17,26,38,62,68,78,53,21,39,17,27,14,83,79,85,75,80
G. Lo Celso,Argentina,,80,86,Real Betis,€20M,Left,1,3,3,75,73,59,81,81,72,80,82,75,81,77,81,79,80,75,60,67,10,7,10,15,14
M. Acuña,Argentina,,80,80,Sporting CP,€12.5M,Left,2,3,4,87,65,63,78,85,78,76,82,75,84,76,86,83,90,84,74,75,8,14,13,13,14
Rúben Neves,Portugal,,80,87,Wolverhampton Wanderers,€20.5M,Right,2,3,3,75,61,51,84,73,83,85,80,64,65,77,70,83,78,83,62,69,16,12,10,8,10
Mariano,Dominican Republic,,80,85,Real Madrid,€20M,Right,1,4,3,50,81,82,69,75,76,51,72,85,79,82,72,85,81,82,75,34,12,14,6,8,15
Raúl,Brazil,,80,80,SC Braga,€12M,Left,1,3,2,56,50,86,68,56,43,62,60,51,59,77,52,67,75,54,51,76,10,9,7,13,12
M. Caldara,Italy,,80,86,Milan,€17.5M,Right,2,3,2,34,36,82,63,62,24,58,63,69,58,77,59,38,67,20,30,80,14,9,6,9,5
M. Vecino,Uruguay,,80,81,Inter,€14.5M,Right,2,3,4,71,61,75,83,84,58,79,84,69,66,83,56,78,81,77,56,73,4,4,4,4,4
T. Bakayoko,France,,80,85,Milan,€17M,Right,2,3,3,55,37,71,78,76,37,75,77,69,64,74,57,72,83,50,45,82,11,15,11,14,10
M. Dahoud,Germany,,80,86,Borussia Dortmund,€20M,Right,2,4,4,67,60,43,83,85,53,78,83,67,87,79,84,83,89,78,55,59,14,7,9,12,11
Rafa,Portugal,,80,83,SL Benfica,€18.5M,Right,2,4,4,77,66,46,75,86,56,64,84,93,88,80,89,75,78,61,59,31,9,11,11,12,8
K. Baldé,Senegal,,80,85,Inter,€20M,Right,2,4,4,75,78,58,76,83,52,64,85,92,82,76,78,78,73,74,60,28,12,8,13,8,15
G. Rulli,Argentina,,80,85,Real Sociedad,€14M,Right,3,3,1,12,15,12,32,14,20,23,15,48,58,76,50,24,42,17,24,17,83,76,74,77,83
F. Armani,Argentina,,80,80,River Plate,€9M,Right,1,2,1,18,11,19,34,19,16,21,29,40,40,79,34,25,28,17,20,18,79,74,69,79,84
Rony Lopes,Portugal,,80,85,AS Monaco,€20M,Left,2,3,4,78,79,38,79,82,74,72,81,76,84,78,86,76,70,74,65,27,11,10,12,12,11
Santi Mina,Spain,,80,85,Valencia CF,€20M,Right,1,4,3,73,82,76,69,81,55,65,80,81,78,80,75,78,75,74,67,49,9,8,14,8,15
K. Demirbay,Germany,,80,84,TSG 1899 Hoffenheim,€19.5M,Left,2,4,4,72,72,46,82,82,80,80,84,67,77,81,77,75,74,75,70,53,14,15,11,14,14
Gayà,Spain,,80,85,Valencia CF,€16.5M,Left,2,3,3,82,61,52,81,77,49,75,81,87,79,82,83,62,83,59,52,80,13,10,9,12,9
André Gomes,Portugal,,80,85,Everton,€19.5M,Right,3,4,4,61,65,69,82,80,67,81,78,62,67,77,64,80,76,71,55,64,12,9,6,14,8
N. Tagliafico,Argentina,,80,82,Ajax,€15M,Left,2,2,3,75,57,73,75,74,40,67,74,86,79,75,79,66,91,44,46,78,13,9,10,15,16
M. Sanson,France,,80,85,Olympique de Marseille,€19.5M,Right,2,4,4,78,74,69,80,77,70,84,79,74,79,80,69,79,79,73,68,76,6,16,16,9,9
Pacheco,Spain,,80,83,Deportivo Alavés,€13M,Left,1,2,1,12,16,10,24,13,20,27,14,42,62,77,51,21,43,15,23,13,79,77,68,81,81
E. Can,Germany,,80,85,Juventus,€19.5M,Right,2,4,3,70,60,72,81,76,65,80,81,73,73,78,71,81,85,75,60,80,14,8,8,13,11
H. Çalhanoğlu,Turkey,,80,84,Milan,€19.5M,Right,3,4,4,81,65,53,83,85,90,80,86,69,78,78,77,86,76,88,71,56,9,14,11,6,10
M. Ginter,Germany,,80,82,Borussia Mönchengladbach,€15.5M,Right,2,3,2,68,55,85,75,62,42,70,72,69,55,79,49,74,74,46,67,77,12,10,6,8,10
M. Keane,England,,80,83,Everton,€15.5M,Right,2,3,2,60,50,81,71,66,33,69,69,65,59,75,62,58,68,46,48,80,16,7,8,14,11
L. Paredes,Argentina,,80,85,,€0,Right,2,4,4,76,55,60,84,78,78,82,82,69,77,74,77,82,79,80,57,72,9,14,6,9,10
T. Stepanenko,Ukraine,,80,80,Shakhtar Donetsk,€12M,Left,1,3,3,63,53,69,81,64,45,77,78,64,60,78,73,75,82,70,52,77,15,13,9,14,9
L. Shaw,England,,80,85,Manchester United,€16.5M,Left,2,2,3,82,47,70,78,82,58,68,80,85,74,77,74,65,77,50,53,78,10,12,13,7,7
Z. Feddal,Morocco,,80,80,Real Betis,€12M,Left,1,2,2,57,40,79,76,56,38,68,67,62,50,68,33,67,64,56,48,78,13,14,12,10,8
S. Haller,France,,80,83,Eintracht Frankfurt,€19M,Right,1,2,3,40,84,80,70,72,46,35,79,76,68,82,53,77,72,64,88,46,6,7,14,7,6
Bernard,Brazil,,80,81,Everton,€17.5M,Right,2,4,4,77,71,59,76,82,69,68,84,86,94,80,96,76,68,65,57,25,6,11,13,10,12
T. Inui,Japan,,80,80,Real Betis,€14M,Right,1,4,4,77,70,41,76,88,65,70,82,77,94,76,93,72,76,77,51,31,11,12,11,15,8
Portu,Spain,,80,81,Girona FC,€17.5M,Right,1,4,3,63,81,72,83,82,64,78,83,80,79,67,72,77,83,75,53,59,14,10,15,15,13
M. Batshuayi,Belgium,,80,84,Valencia CF,€19.5M,Right,2,5,4,65,82,75,64,78,46,36,80,76,75,79,76,81,66,75,67,22,9,10,16,7,15
E. Zahavi,Israel,,80,80,Guangzhou R&F; FC,€14.5M,Right,1,4,4,60,83,68,78,81,78,69,83,72,88,78,72,79,74,76,65,34,13,12,13,8,16
T. Vaclík,Czech Republic,,80,81,Sevilla FC,€11.5M,Right,1,3,1,15,14,19,17,14,16,38,20,35,32,76,53,20,35,16,13,18,82,72,74,81,85
N. Pope,England,,80,83,Burnley,€13M,Right,1,3,1,11,14,11,32,15,12,35,24,47,36,71,45,17,37,15,22,14,79,80,74,80,80
Héctor Bellerín,Spain,,80,85,Arsenal,€16.5M,Right,3,3,3,76,52,60,76,75,50,59,78,91,82,78,77,52,84,43,62,80,8,14,14,13,12
P. Kadeřábek,Czech Republic,,80,81,TSG 1899 Hoffenheim,€14M,Right,2,2,3,86,28,71,77,76,52,69,77,78,66,82,66,66,86,41,54,76,10,11,14,13,7
J. Butland,England,,80,85,Stoke City,€14M,Right,2,3,1,11,16,12,40,21,14,30,36,55,55,73,50,29,40,13,42,11,82,77,71,80,84
J. Vestergaard,Denmark,,80,81,Southampton,€14.5M,Right,2,4,2,46,34,87,67,44,52,80,54,38,29,78,28,83,54,47,75,77,16,11,11,15,10
J. Tarkowski,England,,80,83,Burnley,€15.5M,Right,1,4,2,59,36,80,73,66,57,72,70,63,58,75,57,63,69,38,52,80,14,8,12,9,7
Deulofeu,Spain,,80,82,Watford,€18.5M,Right,3,4,4,75,69,40,78,88,77,62,86,88,94,74,77,72,70,66,77,22,12,16,14,11,11
E. Dier,England,,80,84,Tottenham Hotspur,€16.5M,Right,2,3,2,67,52,82,77,65,74,78,70,68,52,78,38,82,78,72,70,83,11,14,6,13,9
J. Murillo,Colombia,,80,84,Valencia CF,€16M,Right,2,2,2,56,37,76,68,58,26,62,64,76,77,73,72,68,72,13,46,82,14,13,8,11,14
M. Badelj,Croatia,,80,80,Lazio,€11.5M,Right,2,4,3,69,54,66,82,72,58,82,80,56,68,78,64,72,79,74,68,76,8,9,14,15,6
Ismaily,Brazil,,80,80,Shakhtar Donetsk,€11.5M,Left,1,2,4,80,60,59,81,83,50,67,81,80,72,81,82,75,88,73,51,75,8,8,14,11,10
N. Schulz,Germany,,80,81,TSG 1899 Hoffenheim,€14.5M,Left,1,2,3,83,48,54,78,79,42,70,78,86,76,78,73,65,79,40,56,77,13,9,15,7,14
L. Digne,France,,80,84,Everton,€16M,Left,2,3,4,82,52,68,81,76,67,69,82,75,68,77,79,77,79,69,60,82,6,12,9,6,13
M. Uth,Germany,,80,81,FC Schalke 04,€17.5M,Left,1,3,3,67,85,69,72,78,57,68,78,76,74,85,67,85,75,84,74,25,9,11,8,9,11
Cristian Tello,Spain,,80,80,Real Betis,€16M,Right,2,4,3,78,74,47,77,82,64,70,81,89,82,72,79,78,73,71,56,26,15,12,9,7,13
D. Vida,Croatia,,80,80,Beşiktaş JK,€11.5M,Right,3,3,2,65,41,79,66,53,35,60,66,80,64,75,63,54,76,22,51,83,16,13,10,9,8
L. Muriel,Colombia,,80,81,Sevilla FC,€17.5M,Right,2,4,4,62,78,65,75,85,60,55,83,89,85,79,80,80,74,65,74,22,8,10,10,14,6
V. Aboubakar,Cameroon,,80,82,FC Porto,€18M,Right,3,3,5,57,80,77,75,81,67,68,80,83,72,77,63,81,83,75,76,19,8,10,9,7,8
A. Oxlade-Chamberlain,England,,80,85,Liverpool,€19.5M,Right,2,4,4,78,69,39,80,84,60,75,84,85,81,78,88,80,82,76,69,66,16,9,6,9,9
S. Aurier,Ivory Coast,,80,83,Tottenham Hotspur,€15.5M,Right,2,3,3,83,54,75,78,76,30,72,79,78,73,81,76,71,77,58,64,82,7,10,15,16,9
J. Matip,Cameroon,,80,82,Liverpool,€15M,Right,2,2,2,54,36,82,77,65,22,74,69,69,55,80,47,66,73,48,42,78,11,15,10,7,10
Y. Rakitskyi,Ukraine,,80,80,Shakhtar Donetsk,€12M,Left,2,3,3,68,57,69,78,69,77,84,73,72,68,76,73,87,82,86,50,81,12,16,7,12,6
Sergi Enrich,Spain,,80,80,SD Eibar,€15.5M,Right,2,4,3,70,81,81,79,76,47,61,80,65,70,82,67,77,80,70,63,31,8,8,8,14,6
A. Yarmolenko,Ukraine,,80,80,West Ham United,€15M,Left,3,2,4,80,77,69,78,86,75,74,83,76,73,82,67,83,60,83,85,30,9,5,6,5,14
Hugo Mallo,Spain,,80,81,RC Celta,€13.5M,Right,2,3,3,84,28,65,71,69,38,68,80,71,77,80,66,74,91,39,23,82,14,9,7,9,15
André Almeida,Portugal,,80,80,SL Benfica,€12M,Right,2,3,3,80,54,74,78,75,42,75,79,66,66,82,60,70,84,67,43,79,14,6,7,12,8
D. Didavi,Germany,,80,80,VfB Stuttgart,€15M,Left,2,3,3,75,80,58,80,81,75,75,83,67,75,81,73,88,66,87,65,49,12,11,10,14,6
R. Rodríguez,Switzerland,,80,83,Milan,€15.5M,Left,3,3,4,86,59,64,78,76,84,78,78,73,73,80,70,78,77,72,83,78,14,13,14,14,11
R. Pereyra,Argentina,,80,80,Watford,€15.5M,Right,2,4,4,78,74,60,82,84,72,75,84,76,75,74,73,68,77,74,72,70,4,5,3,4,8
Mario Gaspar,Spain,,80,80,Villarreal CF,€12M,Right,2,3,3,79,68,65,77,73,54,69,76,80,68,79,60,81,77,69,50,82,9,12,8,9,15
Maicon,Brazil,,80,80,Galatasaray SK,€11.5M,Right,2,3,2,70,40,83,67,55,74,75,60,60,33,66,45,85,70,67,52,76,15,11,14,10,6
D. Blind,Netherlands,,80,80,Ajax,€12M,Left,3,4,3,81,46,72,83,73,62,83,80,53,72,84,75,68,83,62,56,77,12,9,10,14,10
J. Zoet,Netherlands,,80,83,PSV,€12.5M,Right,2,4,1,17,12,19,37,15,20,38,34,45,54,77,42,25,40,17,27,16,79,77,77,79,83
A. Ljajić,Serbia,,80,81,Beşiktaş JK,€17.5M,Right,2,4,4,72,69,48,78,87,83,71,86,76,81,74,79,76,60,78,75,35,6,14,7,6,12
Canales,Spain,,80,80,Real Betis,€15.5M,Left,2,3,3,79,77,38,84,81,79,70,80,62,69,79,69,71,55,78,66,16,15,12,16,13,12
Iago Falqué,Spain,,80,80,Torino,€15M,Left,3,3,4,78,75,53,82,84,75,74,85,76,85,78,85,70,74,75,77,32,15,5,14,13,7
